[
  [
    {
      "label": "Submenu 1-1",
      "path": "/"
    },
    {
      "label": "Submenu 1-2",
      "path": "/"
    },
    {
      "label": "Submenu 1-3",
      "path": "/"
    },
    {
      "label": "Submenu 1-4",
      "path": "/"
    }
  ],
  [
    {
      "label": "Submenu 2-1",
      "path": "/"
    },
    {
      "label": "Submenu 2-2",
      "path": "/"
    },
    {
      "label": "Submenu 2-3",
      "path": "/"
    },
    {
      "label": "Submenu 2-4",
      "path": "/"
    }
  ],
  [
    {
      "label": "Submenu 3-1",
      "path": "/"
    },
    {
      "label": "Submenu 3-2",
      "path": "/"
    },
    {
      "label": "Submenu 3-3",
      "path": "/"
    },
    {
      "label": "Submenu 3-4",
      "path": "/"
    }
  ],
  [
    {
      "label": "Submenu 4-1",
      "path": "/"
    },
    {
      "label": "Submenu 4-2",
      "path": "/"
    },
    {
      "label": "Submenu 4-3",
      "path": "/"
    }
  ],
  [
    {
      "label": "Submenu 5-1",
      "path": "/"
    },
    {
      "label": "Submenu 5-2",
      "path": "/"
    },
    {
      "label": "Submenu 5-3",
      "path": "/"
    },
    {
      "label": "Submenu 5-4",
      "path": "/"
    }
  ],
  [
    {
      "label": "Submenu 6-1",
      "path": "/"
    },
    {
      "label": "Submenu 6-2",
      "path": "/"
    },
    {
      "label": "Submenu 6-3",
      "path": "/"
    },
    {
      "label": "Submenu 6-4",
      "path": "/"
    }
  ]
]